[{"pk": 1, "model": "contenttypes.contenttype", "fields": {"model": "logentry", "name": "log entry", "app_label": "admin"}}, {"pk": 2, "model": "contenttypes.contenttype", "fields": {"model": "permission", "name": "permission", "app_label": "auth"}}, {"pk": 3, "model": "contenttypes.contenttype", "fields": {"model": "group", "name": "group", "app_label": "auth"}}, {"pk": 4, "model": "contenttypes.contenttype", "fields": {"model": "user", "name": "user", "app_label": "auth"}}, {"pk": 5, "model": "contenttypes.contenttype", "fields": {"model": "contenttype", "name": "content type", "app_label": "contenttypes"}}, {"pk": 6, "model": "contenttypes.contenttype", "fields": {"model": "session", "name": "session", "app_label": "sessions"}}, {"pk": 7, "model": "contenttypes.contenttype", "fields": {"model": "tipoidentificacion", "name": "Tipo Identificacion", "app_label": "pay"}}, {"pk": 8, "model": "contenttypes.contenttype", "fields": {"model": "cliente", "name": "Cliente", "app_label": "pay"}}, {"pk": 9, "model": "contenttypes.contenttype", "fields": {"model": "operacion", "name": "Operacion", "app_label": "pay"}}, {"pk": 10, "model": "contenttypes.contenttype", "fields": {"model": "pago", "name": "Pago", "app_label": "pay"}}, {"pk": 11, "model": "contenttypes.contenttype", "fields": {"model": "deposito", "name": "Deposito", "app_label": "pay"}}, {"pk": 12, "model": "contenttypes.contenttype", "fields": {"model": "apikey", "name": "api key", "app_label": "pay"}}, {"pk": "1kaywa60kfnu4cifhqg2f9yuf8118ehq", "model": "sessions.session", "fields": {"expire_date": "2013-12-06T00:09:14.676", "session_data": "ZWFjM2VlNzg1NzQ2ODAxOThjODBlYzBhZWM5NWMxYmQxNTIzMDAzZDp7fQ=="}}, {"pk": "293nt0ezajyf2ijvzgfvc0b7bw9gr8rg", "model": "sessions.session", "fields": {"expire_date": "2013-12-18T17:31:46.833", "session_data": "ZWFjM2VlNzg1NzQ2ODAxOThjODBlYzBhZWM5NWMxYmQxNTIzMDAzZDp7fQ=="}}, {"pk": "2u9d99al53sv6c4m926gxqva25cna4vo", "model": "sessions.session", "fields": {"expire_date": "2013-12-10T20:58:25.574", "session_data": "ZjdkODMzZDk1ZDhlZGE1NmUwYjc0MGI1MjExY2MxZmUxNzhkZTg5Zjp7Il9hdXRoX3VzZXJfYmFja2VuZCI6ImRqYW5nby5jb250cmliLmF1dGguYmFja2VuZHMuTW9kZWxCYWNrZW5kIiwiX2F1dGhfdXNlcl9pZCI6MTF9"}}, {"pk": "a9gccbvtphkrp6hn6zlryjrkvlq1rfkl", "model": "sessions.session", "fields": {"expire_date": "2013-12-10T02:10:25.856", "session_data": "Mzk0YjIyNDRmMDNlZGNiNzBhN2JkNzBlMTA5NGM1NWIwZTNkMTYzZDp7Il9hdXRoX3VzZXJfYmFja2VuZCI6ImRqYW5nby5jb250cmliLmF1dGguYmFja2VuZHMuTW9kZWxCYWNrZW5kIiwiX2F1dGhfdXNlcl9pZCI6Nn0="}}, {"pk": "b06prkocpnogapdh1bosdgma3nkfg34z", "model": "sessions.session", "fields": {"expire_date": "2013-12-25T18:57:46.675", "session_data": "ZWFjM2VlNzg1NzQ2ODAxOThjODBlYzBhZWM5NWMxYmQxNTIzMDAzZDp7fQ=="}}, {"pk": "b9is7xrtca3t4w0h3bl03f7t40z7zdzm", "model": "sessions.session", "fields": {"expire_date": "2013-12-05T20:32:40.872", "session_data": "ZmVmODBiMTQ3OTlkZmY5ZGUxOGI3NGE0ZGMwZjU1NzBiZDEyNjI5MTp7Il9hdXRoX3VzZXJfYmFja2VuZCI6ImRqYW5nby5jb250cmliLmF1dGguYmFja2VuZHMuTW9kZWxCYWNrZW5kIiwiX2F1dGhfdXNlcl9pZCI6M30="}}, {"pk": "bluz74p1mpra5iz2y7pczbyfpivljsex", "model": "sessions.session", "fields": {"expire_date": "2013-12-15T14:44:47.898", "session_data": "YTY5ZDA2ZjhjYjhhYzZiMDE4ZWFjMTYxMDgyMzI1ZDJmZWNkZGI5ODp7Il9hdXRoX3VzZXJfYmFja2VuZCI6ImRqYW5nby5jb250cmliLmF1dGguYmFja2VuZHMuTW9kZWxCYWNrZW5kIiwiX2F1dGhfdXNlcl9pZCI6MX0="}}, {"pk": "cj53l7gjmb1kh91zi21r3lyg7789qn7a", "model": "sessions.session", "fields": {"expire_date": "2013-12-14T06:14:37.940", "session_data": "ZWFjM2VlNzg1NzQ2ODAxOThjODBlYzBhZWM5NWMxYmQxNTIzMDAzZDp7fQ=="}}, {"pk": "evzou3962r6vi3mrag0lmvx08xurhxf0", "model": "sessions.session", "fields": {"expire_date": "2013-12-17T08:04:18.351", "session_data": "ZWFjM2VlNzg1NzQ2ODAxOThjODBlYzBhZWM5NWMxYmQxNTIzMDAzZDp7fQ=="}}, {"pk": "gb194otiaga2eoegjy2vurqss460ziyg", "model": "sessions.session", "fields": {"expire_date": "2013-12-10T01:13:21.655", "session_data": "ZDYzMGI5NzZkOWRhODk5OWU0ZTViZTA2YmQ3ZTBiN2YzZWI5YmViZjp7Il9hdXRoX3VzZXJfYmFja2VuZCI6ImRqYW5nby5jb250cmliLmF1dGguYmFja2VuZHMuTW9kZWxCYWNrZW5kIiwiX2F1dGhfdXNlcl9pZCI6NX0="}}, {"pk": "h0nei1rp09t73wk0u3tuyve9iws0ebg0", "model": "sessions.session", "fields": {"expire_date": "2014-01-29T19:59:51.836", "session_data": "MDU1Mzg2NTcwOTVlZWQ0MjUxNGUyNzJkYzMzYTU4MWUyMmYzNGUxMDp7Il9hdXRoX3VzZXJfYmFja2VuZCI6ImRqYW5nby5jb250cmliLmF1dGguYmFja2VuZHMuTW9kZWxCYWNrZW5kIiwiX2F1dGhfdXNlcl9pZCI6MTN9"}}, {"pk": "hiumpj7s3g60wzmn1iatxb72q4qq39al", "model": "sessions.session", "fields": {"expire_date": "2013-12-10T04:55:26.991", "session_data": "ZDI4ZjhmYTg3ZGZlM2YxMjMxYzkwOTE1M2E0MTdkNzRjZTcwMDhlYzp7Il9hdXRoX3VzZXJfYmFja2VuZCI6ImRqYW5nby5jb250cmliLmF1dGguYmFja2VuZHMuTW9kZWxCYWNrZW5kIiwiX2F1dGhfdXNlcl9pZCI6OX0="}}, {"pk": "hku4ugr88dxg6e6oc1mzvmsb7a00ptkj", "model": "sessions.session", "fields": {"expire_date": "2014-02-25T19:21:55.290", "session_data": "ZWFjM2VlNzg1NzQ2ODAxOThjODBlYzBhZWM5NWMxYmQxNTIzMDAzZDp7fQ=="}}, {"pk": "hzvdcosly0n9g0d8i4z0o93490iglnkm", "model": "sessions.session", "fields": {"expire_date": "2014-03-27T14:06:45.035", "session_data": "YTY5ZDA2ZjhjYjhhYzZiMDE4ZWFjMTYxMDgyMzI1ZDJmZWNkZGI5ODp7Il9hdXRoX3VzZXJfYmFja2VuZCI6ImRqYW5nby5jb250cmliLmF1dGguYmFja2VuZHMuTW9kZWxCYWNrZW5kIiwiX2F1dGhfdXNlcl9pZCI6MX0="}}, {"pk": "iu57cvlgb7d68y6baorzkm47d7gkgvpg", "model": "sessions.session", "fields": {"expire_date": "2013-12-10T15:44:11.558", "session_data": "NzgxZDlkMTEzYmJjZTk3Yjk0OTdjODVlNjk3ODljYTQ2MDkzNGM5Nzp7Il9hdXRoX3VzZXJfYmFja2VuZCI6ImRqYW5nby5jb250cmliLmF1dGguYmFja2VuZHMuTW9kZWxCYWNrZW5kIiwiX2F1dGhfdXNlcl9pZCI6N30="}}, {"pk": "jsxn96ftjj10kc1px8rl7ao18er7vaxa", "model": "sessions.session", "fields": {"expire_date": "2013-12-10T03:18:21.173", "session_data": "ZWFjM2VlNzg1NzQ2ODAxOThjODBlYzBhZWM5NWMxYmQxNTIzMDAzZDp7fQ=="}}, {"pk": "jy8ll3detlseaymul3mx6l4wwwzrl98r", "model": "sessions.session", "fields": {"expire_date": "2014-02-18T20:42:08.948", "session_data": "MDU1Mzg2NTcwOTVlZWQ0MjUxNGUyNzJkYzMzYTU4MWUyMmYzNGUxMDp7Il9hdXRoX3VzZXJfYmFja2VuZCI6ImRqYW5nby5jb250cmliLmF1dGguYmFja2VuZHMuTW9kZWxCYWNrZW5kIiwiX2F1dGhfdXNlcl9pZCI6MTN9"}}, {"pk": "lntpltqhps05qaw227msopq491ks7wvc", "model": "sessions.session", "fields": {"expire_date": "2013-12-10T13:03:16.474", "session_data": "ZWFjM2VlNzg1NzQ2ODAxOThjODBlYzBhZWM5NWMxYmQxNTIzMDAzZDp7fQ=="}}, {"pk": "lv09igq7e171te2d7wn1xoor6hbelgue", "model": "sessions.session", "fields": {"expire_date": "2014-02-18T20:35:01.565", "session_data": "ZWFjM2VlNzg1NzQ2ODAxOThjODBlYzBhZWM5NWMxYmQxNTIzMDAzZDp7fQ=="}}, {"pk": "mlf9tlhipy8rt4evhedq5g6oq4m8p2r7", "model": "sessions.session", "fields": {"expire_date": "2013-12-10T02:50:32.821", "session_data": "YTY5ZDA2ZjhjYjhhYzZiMDE4ZWFjMTYxMDgyMzI1ZDJmZWNkZGI5ODp7Il9hdXRoX3VzZXJfYmFja2VuZCI6ImRqYW5nby5jb250cmliLmF1dGguYmFja2VuZHMuTW9kZWxCYWNrZW5kIiwiX2F1dGhfdXNlcl9pZCI6MX0="}}, {"pk": "n4jb1p1m46tof19hedx05uxc5g44rilh", "model": "sessions.session", "fields": {"expire_date": "2013-12-11T19:36:17.043", "session_data": "YTY5ZDA2ZjhjYjhhYzZiMDE4ZWFjMTYxMDgyMzI1ZDJmZWNkZGI5ODp7Il9hdXRoX3VzZXJfYmFja2VuZCI6ImRqYW5nby5jb250cmliLmF1dGguYmFja2VuZHMuTW9kZWxCYWNrZW5kIiwiX2F1dGhfdXNlcl9pZCI6MX0="}}, {"pk": "n58xnmxyrmlxhf95iii91asfvur8xlbw", "model": "sessions.session", "fields": {"expire_date": "2013-12-09T23:54:24.146", "session_data": "NjBkZmM5Y2M1MzhiNTVlNGY1NzE1MDMxMzY2ZjIyZjI4NmQ3NWI0NTp7Il9hdXRoX3VzZXJfYmFja2VuZCI6ImRqYW5nby5jb250cmliLmF1dGguYmFja2VuZHMuTW9kZWxCYWNrZW5kIiwiX2F1dGhfdXNlcl9pZCI6NH0="}}, {"pk": "n7cqc08jdbwv8atc61vpimgbeeywqxwa", "model": "sessions.session", "fields": {"expire_date": "2013-12-17T21:05:51.522", "session_data": "YTY5ZDA2ZjhjYjhhYzZiMDE4ZWFjMTYxMDgyMzI1ZDJmZWNkZGI5ODp7Il9hdXRoX3VzZXJfYmFja2VuZCI6ImRqYW5nby5jb250cmliLmF1dGguYmFja2VuZHMuTW9kZWxCYWNrZW5kIiwiX2F1dGhfdXNlcl9pZCI6MX0="}}, {"pk": "oval7qlqzei46r4i8vm1d5vwi1paz94h", "model": "sessions.session", "fields": {"expire_date": "2014-02-13T21:11:09.065", "session_data": "ZWFjM2VlNzg1NzQ2ODAxOThjODBlYzBhZWM5NWMxYmQxNTIzMDAzZDp7fQ=="}}, {"pk": "p1ygqt1a0cqsdroffl61c8p7zgjszg0a", "model": "sessions.session", "fields": {"expire_date": "2014-01-24T14:48:38.868", "session_data": "ZjJkNTg0OGM3ZGFlYjAwOGUzNzhlZTQwNzlhNGQzODU1OTk2NDE4Mzp7Il9hdXRoX3VzZXJfYmFja2VuZCI6ImRqYW5nby5jb250cmliLmF1dGguYmFja2VuZHMuTW9kZWxCYWNrZW5kIiwiX2F1dGhfdXNlcl9pZCI6MTZ9"}}, {"pk": "pninc4mgegp7wov2rggtkc4bhieptxqp", "model": "sessions.session", "fields": {"expire_date": "2013-12-10T00:31:09.723", "session_data": "YTY5ZDA2ZjhjYjhhYzZiMDE4ZWFjMTYxMDgyMzI1ZDJmZWNkZGI5ODp7Il9hdXRoX3VzZXJfYmFja2VuZCI6ImRqYW5nby5jb250cmliLmF1dGguYmFja2VuZHMuTW9kZWxCYWNrZW5kIiwiX2F1dGhfdXNlcl9pZCI6MX0="}}, {"pk": "potvdsouyubsrbnsoc0t6nkad0ci7nhn", "model": "sessions.session", "fields": {"expire_date": "2013-12-06T04:56:11.964", "session_data": "YTY5ZDA2ZjhjYjhhYzZiMDE4ZWFjMTYxMDgyMzI1ZDJmZWNkZGI5ODp7Il9hdXRoX3VzZXJfYmFja2VuZCI6ImRqYW5nby5jb250cmliLmF1dGguYmFja2VuZHMuTW9kZWxCYWNrZW5kIiwiX2F1dGhfdXNlcl9pZCI6MX0="}}, {"pk": "qgqg9d61ca15vzr7dgf348oi37bjkb9d", "model": "sessions.session", "fields": {"expire_date": "2013-12-10T04:49:28.798", "session_data": "ZWFjM2VlNzg1NzQ2ODAxOThjODBlYzBhZWM5NWMxYmQxNTIzMDAzZDp7fQ=="}}, {"pk": "sdtom2f314lrgohmcb8b5yautphkef4c", "model": "sessions.session", "fields": {"expire_date": "2013-12-18T20:20:37.355", "session_data": "MDU1Mzg2NTcwOTVlZWQ0MjUxNGUyNzJkYzMzYTU4MWUyMmYzNGUxMDp7Il9hdXRoX3VzZXJfYmFja2VuZCI6ImRqYW5nby5jb250cmliLmF1dGguYmFja2VuZHMuTW9kZWxCYWNrZW5kIiwiX2F1dGhfdXNlcl9pZCI6MTN9"}}, {"pk": "tod42iuopnatfe45oanil7dtbdoxqjr3", "model": "sessions.session", "fields": {"expire_date": "2013-12-10T21:15:54.277", "session_data": "YTY5ZDA2ZjhjYjhhYzZiMDE4ZWFjMTYxMDgyMzI1ZDJmZWNkZGI5ODp7Il9hdXRoX3VzZXJfYmFja2VuZCI6ImRqYW5nby5jb250cmliLmF1dGguYmFja2VuZHMuTW9kZWxCYWNrZW5kIiwiX2F1dGhfdXNlcl9pZCI6MX0="}}, {"pk": "vrohhirj1wzcyfwfl3r9t49evs61ht4c", "model": "sessions.session", "fields": {"expire_date": "2014-02-24T22:27:03.046", "session_data": "MzViOGRjODJiZDAyOTA5MmNlOGZlZDUxMzA2MDVjZmNhMDU5N2E5Zjp7Il9hdXRoX3VzZXJfYmFja2VuZCI6ImRqYW5nby5jb250cmliLmF1dGguYmFja2VuZHMuTW9kZWxCYWNrZW5kIiwiX2F1dGhfdXNlcl9pZCI6MTh9"}}, {"pk": "vtwa3cx3wom9gees4zmf7ud2nkrl5tp1", "model": "sessions.session", "fields": {"expire_date": "2013-12-05T22:30:33.655", "session_data": "ZWFjM2VlNzg1NzQ2ODAxOThjODBlYzBhZWM5NWMxYmQxNTIzMDAzZDp7fQ=="}}, {"pk": "x5f6p5aa7nuqaowkupu86mvl8poy25th", "model": "sessions.session", "fields": {"expire_date": "2013-12-11T20:30:49.105", "session_data": "ZWFjM2VlNzg1NzQ2ODAxOThjODBlYzBhZWM5NWMxYmQxNTIzMDAzZDp7fQ=="}}, {"pk": "zgohhemccmay9vlbiy1on4e05wvoj1cu", "model": "sessions.session", "fields": {"expire_date": "2014-01-29T20:00:43.346", "session_data": "MDU1Mzg2NTcwOTVlZWQ0MjUxNGUyNzJkYzMzYTU4MWUyMmYzNGUxMDp7Il9hdXRoX3VzZXJfYmFja2VuZCI6ImRqYW5nby5jb250cmliLmF1dGguYmFja2VuZHMuTW9kZWxCYWNrZW5kIiwiX2F1dGhfdXNlcl9pZCI6MTN9"}}, {"pk": "znm1bo99uszayotb748qnke5snhq42xx", "model": "sessions.session", "fields": {"expire_date": "2013-12-12T13:18:03.870", "session_data": "NGY3ODkwZmRiZDdmZDFjMjg4NjRiNjkxYjRiYzEwZDBjNGIzNWFiMjp7Il9hdXRoX3VzZXJfYmFja2VuZCI6ImRqYW5nby5jb250cmliLmF1dGguYmFja2VuZHMuTW9kZWxCYWNrZW5kIiwiX2F1dGhfdXNlcl9pZCI6MTJ9"}}, {"pk": "zntdss96upydsta77safv2uzx1xkofxf", "model": "sessions.session", "fields": {"expire_date": "2013-12-19T21:43:39.888", "session_data": "OGY0ZTk4ZDRlMWEzNjYyMGI1YTJjODExODY3OGU4NGM1YTNlODMzMjp7Il9hdXRoX3VzZXJfYmFja2VuZCI6ImRqYW5nby5jb250cmliLmF1dGguYmFja2VuZHMuTW9kZWxCYWNrZW5kIiwiX2F1dGhfdXNlcl9pZCI6MTR9"}}, {"pk": 1, "model": "pay.tipoidentificacion", "fields": {"nombre": "CEDULA"}}, {"pk": 2, "model": "pay.tipoidentificacion", "fields": {"nombre": "PASAPORTE"}}, {"pk": 3, "model": "pay.tipoidentificacion", "fields": {"nombre": "RUC"}}, {"pk": 1, "model": "pay.operacion", "fields": {"descripcion": "Pago Contenido Digital", "fecha": "2013-11-26T00:09:14.844", "weburl": "4b56afc484", "cliente": 3, "valor": "2.99"}}, {"pk": 2, "model": "pay.operacion", "fields": {"descripcion": "Pago Subscripcion Digital", "fecha": "2013-11-26T00:09:14.304", "weburl": "127fa7e175", "cliente": 3, "valor": "20.00"}}, {"pk": 3, "model": "pay.operacion", "fields": {"descripcion": "Fotografia Digital", "fecha": "2013-11-26T00:09:14.844", "weburl": "d2ea4caf42", "cliente": 5, "valor": "5.00"}}, {"pk": 4, "model": "pay.operacion", "fields": {"descripcion": "Vaca para biela fiesta viernes", "fecha": "2013-11-26T00:55:26.814", "weburl": "759b73ee56", "cliente": 3, "valor": "3.00"}}, {"pk": 5, "model": "pay.operacion", "fields": {"descripcion": "compras de tienda", "fecha": "2013-11-26T00:55:26.126", "weburl": "381e3a038a", "cliente": 7, "valor": "2.00"}}, {"pk": 6, "model": "pay.operacion", "fields": {"descripcion": "Recarga Celular", "fecha": "2013-11-26T00:55:26.814", "weburl": "c780cbf6d9", "cliente": 3, "valor": "5.00"}}, {"pk": 7, "model": "pay.operacion", "fields": {"descripcion": "-", "fecha": "2013-11-26T00:55:26.126", "weburl": "3308152c42", "cliente": 7, "valor": "2.00"}}, {"pk": 8, "model": "pay.operacion", "fields": {"descripcion": "Bielas", "fecha": "2013-11-26T00:55:26.814", "weburl": "3c7bc4a31e", "cliente": 11, "valor": "10.00"}}, {"pk": 9, "model": "pay.operacion", "fields": {"descripcion": "Test", "fecha": "2013-11-28T07:47:21.540", "weburl": "6ab9213aeb", "cliente": 13, "valor": "10.00"}}, {"pk": 10, "model": "pay.operacion", "fields": {"descripcion": "Curso Open English Febrero", "fecha": "2014-01-10T14:47:37.413", "weburl": "a2b11fef0c", "cliente": 16, "valor": "80.00"}}, {"pk": 1, "model": "pay.pago", "fields": {"pagado": "2.74", "fecha": "2013-11-26T00:09:14.305", "comprador": 5, "operacion": 1}}, {"pk": 2, "model": "pay.pago", "fields": {"pagado": "4.75", "fecha": "2013-11-26T00:55:26.126", "comprador": 8, "operacion": 6}}, {"pk": 3, "model": "pay.pago", "fields": {"pagado": "9.75", "fecha": "2013-11-26T00:55:26.815", "comprador": 3, "operacion": 8}}, {"pk": 1, "model": "pay.deposito", "fields": {"fecha": "2013-11-26T00:09:14.305", "cliente": 3, "motivo": "COMISION PAGO #1", "valor": "0.25"}}, {"pk": 2, "model": "pay.deposito", "fields": {"fecha": "2013-11-26T00:55:26.127", "cliente": 3, "motivo": "COMISION PAGO #2", "valor": "0.25"}}, {"pk": 3, "model": "pay.deposito", "fields": {"fecha": "2013-11-26T00:55:26.816", "cliente": 3, "motivo": "COMISION PAGO #3", "valor": "0.25"}}, {"pk": 1, "model": "pay.apikey", "fields": {"cliente": 10, "key": "d0b3027068b6ad48012e60112309e96cbd458c20"}}, {"pk": 2, "model": "pay.apikey", "fields": {"cliente": 7, "key": "07c7a19f50d466a3f1d15e223e2b0336472c736a"}}, {"pk": 3, "model": "pay.apikey", "fields": {"cliente": 13, "key": "8375be9008e0b2f41381442c596847caabbc79be"}}, {"pk": 1, "model": "auth.permission", "fields": {"codename": "add_logentry", "name": "Can add log entry", "content_type": 1}}, {"pk": 2, "model": "auth.permission", "fields": {"codename": "change_logentry", "name": "Can change log entry", "content_type": 1}}, {"pk": 3, "model": "auth.permission", "fields": {"codename": "delete_logentry", "name": "Can delete log entry", "content_type": 1}}, {"pk": 4, "model": "auth.permission", "fields": {"codename": "add_permission", "name": "Can add permission", "content_type": 2}}, {"pk": 5, "model": "auth.permission", "fields": {"codename": "change_permission", "name": "Can change permission", "content_type": 2}}, {"pk": 6, "model": "auth.permission", "fields": {"codename": "delete_permission", "name": "Can delete permission", "content_type": 2}}, {"pk": 7, "model": "auth.permission", "fields": {"codename": "add_group", "name": "Can add group", "content_type": 3}}, {"pk": 8, "model": "auth.permission", "fields": {"codename": "change_group", "name": "Can change group", "content_type": 3}}, {"pk": 9, "model": "auth.permission", "fields": {"codename": "delete_group", "name": "Can delete group", "content_type": 3}}, {"pk": 10, "model": "auth.permission", "fields": {"codename": "add_user", "name": "Can add user", "content_type": 4}}, {"pk": 11, "model": "auth.permission", "fields": {"codename": "change_user", "name": "Can change user", "content_type": 4}}, {"pk": 12, "model": "auth.permission", "fields": {"codename": "delete_user", "name": "Can delete user", "content_type": 4}}, {"pk": 13, "model": "auth.permission", "fields": {"codename": "add_contenttype", "name": "Can add content type", "content_type": 5}}, {"pk": 14, "model": "auth.permission", "fields": {"codename": "change_contenttype", "name": "Can change content type", "content_type": 5}}, {"pk": 15, "model": "auth.permission", "fields": {"codename": "delete_contenttype", "name": "Can delete content type", "content_type": 5}}, {"pk": 16, "model": "auth.permission", "fields": {"codename": "add_session", "name": "Can add session", "content_type": 6}}, {"pk": 17, "model": "auth.permission", "fields": {"codename": "change_session", "name": "Can change session", "content_type": 6}}, {"pk": 18, "model": "auth.permission", "fields": {"codename": "delete_session", "name": "Can delete session", "content_type": 6}}, {"pk": 19, "model": "auth.permission", "fields": {"codename": "add_tipoidentificacion", "name": "Can add Tipo Identificacion", "content_type": 7}}, {"pk": 20, "model": "auth.permission", "fields": {"codename": "change_tipoidentificacion", "name": "Can change Tipo Identificacion", "content_type": 7}}, {"pk": 21, "model": "auth.permission", "fields": {"codename": "delete_tipoidentificacion", "name": "Can delete Tipo Identificacion", "content_type": 7}}, {"pk": 22, "model": "auth.permission", "fields": {"codename": "add_cliente", "name": "Can add Cliente", "content_type": 8}}, {"pk": 23, "model": "auth.permission", "fields": {"codename": "change_cliente", "name": "Can change Cliente", "content_type": 8}}, {"pk": 24, "model": "auth.permission", "fields": {"codename": "delete_cliente", "name": "Can delete Cliente", "content_type": 8}}, {"pk": 25, "model": "auth.permission", "fields": {"codename": "add_operacion", "name": "Can add Operacion", "content_type": 9}}, {"pk": 26, "model": "auth.permission", "fields": {"codename": "change_operacion", "name": "Can change Operacion", "content_type": 9}}, {"pk": 27, "model": "auth.permission", "fields": {"codename": "delete_operacion", "name": "Can delete Operacion", "content_type": 9}}, {"pk": 28, "model": "auth.permission", "fields": {"codename": "add_pago", "name": "Can add Pago", "content_type": 10}}, {"pk": 29, "model": "auth.permission", "fields": {"codename": "change_pago", "name": "Can change Pago", "content_type": 10}}, {"pk": 30, "model": "auth.permission", "fields": {"codename": "delete_pago", "name": "Can delete Pago", "content_type": 10}}, {"pk": 31, "model": "auth.permission", "fields": {"codename": "add_deposito", "name": "Can add Deposito", "content_type": 11}}, {"pk": 32, "model": "auth.permission", "fields": {"codename": "change_deposito", "name": "Can change Deposito", "content_type": 11}}, {"pk": 33, "model": "auth.permission", "fields": {"codename": "delete_deposito", "name": "Can delete Deposito", "content_type": 11}}, {"pk": 34, "model": "auth.permission", "fields": {"codename": "add_apikey", "name": "Can add api key", "content_type": 12}}, {"pk": 35, "model": "auth.permission", "fields": {"codename": "change_apikey", "name": "Can change api key", "content_type": 12}}, {"pk": 36, "model": "auth.permission", "fields": {"codename": "delete_apikey", "name": "Can delete api key", "content_type": 12}}, {"pk": 1, "model": "auth.user", "fields": {"username": "ernesto", "first_name": "Ernesto", "last_name": "Freyre", "is_active": true, "is_superuser": true, "is_staff": true, "last_login": "2014-03-13T14:06:45.032", "groups": [], "user_permissions": [], "password": "pbkdf2_sha256$12000$hJWtAzPFUGxD$RRMrXx/TNuqw9Ed/nkoDQfDJJZJADnp+2Adz335wpB4=", "email": "ernestofreyreg@gmail.com", "date_joined": "2013-11-21T19:47:19"}}, {"pk": 2, "model": "auth.user", "fields": {"username": "erickmelonaranjo", "first_name": "Erick", "last_name": "Melo Naranjo", "is_active": true, "is_superuser": false, "is_staff": false, "last_login": "2013-11-26T12:57:54.420", "groups": [], "user_permissions": [], "password": "pbkdf2_sha256$12000$Uq1gWhVEkBKX$WwW8OpsWZ/AiK2VfEBQWCBWx43IvQkURHoRKyOWhcAY=", "email": "erick_melo_naranjo@hotmail.com", "date_joined": "2013-11-21T20:03:14.693"}}, {"pk": 3, "model": "auth.user", "fields": {"username": "daironmedina", "first_name": "Dairon", "last_name": "Medina", "is_active": true, "is_superuser": false, "is_staff": false, "last_login": "2013-11-21T20:32:40.868", "groups": [], "user_permissions": [], "password": "pbkdf2_sha256$12000$L4MnrFonab7g$ld19k1EdkOqr82GzF2OCcwTUC1kijzOQoaWKUgdSCXo=", "email": "dairon.medina@gmail.com", "date_joined": "2013-11-21T20:32:40.746"}}, {"pk": 4, "model": "auth.user", "fields": {"username": "davidchang", "first_name": "David", "last_name": "Chang", "is_active": true, "is_superuser": false, "is_staff": false, "last_login": "2013-11-25T23:54:24.143", "groups": [], "user_permissions": [], "password": "pbkdf2_sha256$12000$FudsJqZh50zd$SunJdPd4AofeEKmUVY2dVslCVPDMBpbpnOhRxa+SO6U=", "email": "davicho@gmail.com", "date_joined": "2013-11-25T23:54:24.007"}}, {"pk": 5, "model": "auth.user", "fields": {"username": "yenesisyanes", "first_name": "Yenesis", "last_name": "Yanes", "is_active": true, "is_superuser": false, "is_staff": false, "last_login": "2013-11-26T01:13:21.649", "groups": [], "user_permissions": [], "password": "pbkdf2_sha256$12000$I2UZBkGn1mZn$1teNlPDULoKt2/JMCJCXT5fUb3c1bCTKKqvClr3U9Fo=", "email": "yenesisyc@gmail.com", "date_joined": "2013-11-26T00:17:16.300"}}, {"pk": 6, "model": "auth.user", "fields": {"username": "luisvillarroel", "first_name": "luis", "last_name": "villarroel", "is_active": true, "is_superuser": false, "is_staff": false, "last_login": "2013-11-26T02:10:25.852", "groups": [], "user_permissions": [], "password": "pbkdf2_sha256$12000$huJI3bSgexEB$ev3wrI/5aPYLei4BTbbWGEFxR6p6Zb2pYxA7SXheCrs=", "email": "luisvillarroe1@hotmail.com", "date_joined": "2013-11-26T02:10:25.726"}}, {"pk": 7, "model": "auth.user", "fields": {"username": "edissonmendieta", "first_name": "Edisson", "last_name": "Mendieta", "is_active": true, "is_superuser": false, "is_staff": false, "last_login": "2013-11-26T15:44:11.553", "groups": [], "user_permissions": [], "password": "pbkdf2_sha256$12000$wGEKn8fd3gum$G1e7nwp9wd6tfSpDiiOC8rf9svqQfFD42r6h6O9osDo=", "email": "edisson.mendieta@gmail.com", "date_joined": "2013-11-26T03:08:45.153"}}, {"pk": 8, "model": "auth.user", "fields": {"username": "yenisecheniquefuentes", "first_name": "Yenis", "last_name": "Echenique Fuentes", "is_active": true, "is_superuser": false, "is_staff": false, "last_login": "2013-11-26T04:48:01.685", "groups": [], "user_permissions": [], "password": "pbkdf2_sha256$12000$EK7ZwDxAoPmi$ES3IpCfICkOqouYWfORv+e+XLvnu90n0Ov/drZTueOM=", "email": "yenief2008@gmail.com", "date_joined": "2013-11-26T04:45:29.613"}}, {"pk": 9, "model": "auth.user", "fields": {"username": "klebercarbo", "first_name": "Kleber", "last_name": "Carbo", "is_active": true, "is_superuser": false, "is_staff": false, "last_login": "2013-11-26T04:55:26.986", "groups": [], "user_permissions": [], "password": "pbkdf2_sha256$12000$BaTwVcBe32jB$zWrmI6D8F7FPtKX+6F3MSuIBlfGKXEikro72RATynu4=", "email": "vikingux@gmail.com", "date_joined": "2013-11-26T04:55:26.862"}}, {"pk": 10, "model": "auth.user", "fields": {"username": "carlosmarchan", "first_name": "Carlos", "last_name": "Marchan", "is_active": true, "is_superuser": false, "is_staff": false, "last_login": "2013-12-04T17:30:08.366", "groups": [], "user_permissions": [], "password": "pbkdf2_sha256$12000$jxLrdmkASABz$1gZdjECzZQSABKuecT3b4bozT6O1hNvI+9K1vzw12wQ=", "email": "carlosmarchan007@gmail.com", "date_joined": "2013-11-26T09:05:08.830"}}, {"pk": 11, "model": "auth.user", "fields": {"username": "guillermopoveda", "first_name": "Guillermo", "last_name": "Poveda", "is_active": true, "is_superuser": false, "is_staff": false, "last_login": "2013-11-26T20:58:25.569", "groups": [], "user_permissions": [], "password": "pbkdf2_sha256$12000$acBEuIlZsEXF$O8WHjxddKDfCPzlagwsPhTJv1Erxq/gFgsGDkXpKn64=", "email": "guillermo.poveda@gmail.com", "date_joined": "2013-11-26T20:58:25.447"}}, {"pk": 12, "model": "auth.user", "fields": {"username": "emiliogarc\u00eda", "first_name": "Emilio", "last_name": "Garc\u00eda", "is_active": true, "is_superuser": false, "is_staff": false, "last_login": "2013-11-28T13:18:03.867", "groups": [], "user_permissions": [], "password": "pbkdf2_sha256$12000$30oiyRYocjKb$K/PRTf1y35w/dBw/PeokKQiK7g2Lv4ocXXxfFh+zM/c=", "email": "gotinger24@hotmail.com", "date_joined": "2013-11-28T13:18:03.670"}}, {"pk": 13, "model": "auth.user", "fields": {"username": "waltersuarez", "first_name": "Walter", "last_name": "Suarez", "is_active": true, "is_superuser": false, "is_staff": false, "last_login": "2014-02-04T20:42:08.946", "groups": [], "user_permissions": [], "password": "pbkdf2_sha256$12000$6tCRKZqiYv38$d7Z/Db16uUnRDK76Y8XzdchtS9uSUEiQCZidvwSDS6M=", "email": "waltersuarez74@hotmail.com", "date_joined": "2013-11-30T06:04:26.832"}}, {"pk": 14, "model": "auth.user", "fields": {"username": "naarap\u00e9rez", "first_name": "Naara", "last_name": "P\u00e9rez", "is_active": true, "is_superuser": false, "is_staff": false, "last_login": "2013-12-05T21:43:39.884", "groups": [], "user_permissions": [], "password": "pbkdf2_sha256$12000$SfotHNAkds22$WP9/fMKk+fC3wZH0UAaOX+c9SMn/gZUg2aPHn03okx0=", "email": "naara.perezp@gmail.com", "date_joined": "2013-12-05T21:43:39.693"}}, {"pk": 15, "model": "auth.user", "fields": {"username": "marcelchasiguasin", "first_name": "Marcel", "last_name": "Chasiguasin", "is_active": true, "is_superuser": false, "is_staff": false, "last_login": "2013-12-11T18:53:36.195", "groups": [], "user_permissions": [], "password": "pbkdf2_sha256$12000$3lfdTxnhFFLl$soyBzbh1Ah+nPEeCcCpl/+fznTHHAdmZNfT5cg1YbdY=", "email": "rmchasiguasiny@hotmail.com", "date_joined": "2013-12-11T18:53:36.057"}}, {"pk": 16, "model": "auth.user", "fields": {"username": "gloria", "first_name": "Gloria", "last_name": "", "is_active": true, "is_superuser": false, "is_staff": false, "last_login": "2014-01-10T14:48:38.866", "groups": [], "user_permissions": [], "password": "pbkdf2_sha256$12000$M3Z728i5DrLV$WLQYjsf5TjLCKsO1PZCPpGcwVVw5wnMYIeCTxzfSavI=", "email": "gloriadevita@gmail.com", "date_joined": "2014-01-10T14:48:38.693"}}, {"pk": 17, "model": "auth.user", "fields": {"username": "eliasbarzallo", "first_name": "Elias", "last_name": "Barzallo", "is_active": true, "is_superuser": false, "is_staff": false, "last_login": "2014-01-30T21:10:00.375", "groups": [], "user_permissions": [], "password": "pbkdf2_sha256$12000$Za3fdhHWBZ4j$5dmDOwHnNjp454xzgPew2al8QQc4RqzsEYDxjZKUncI=", "email": "eliasbarza2@gmail.com", "date_joined": "2014-01-30T21:10:00.172"}}, {"pk": 18, "model": "auth.user", "fields": {"username": "joseramonlopezavila", "first_name": "jose", "last_name": "ramon lopez avila", "is_active": true, "is_superuser": false, "is_staff": false, "last_login": "2014-02-10T22:27:03.044", "groups": [], "user_permissions": [], "password": "pbkdf2_sha256$12000$3YuObuE20SfU$1fI6Rp9lk5CdjAYWyPbzHi4iLpaOi/l8BQ2G4IFZEMk=", "email": "mercadeogturistico@gmail.com", "date_joined": "2014-02-10T22:27:02.914"}}, {"pk": 19, "model": "auth.user", "fields": {"username": "diegoramos", "first_name": "Diego", "last_name": "Ramos", "is_active": true, "is_superuser": false, "is_staff": false, "last_login": "2014-02-11T19:21:20.843", "groups": [], "user_permissions": [], "password": "pbkdf2_sha256$12000$KkAnIKqRjN6J$onTdNKQ0TtoX5vjP9H40JtZERvdbz59x6sT10NfW+8w=", "email": "ddiegramos@gmail.com", "date_joined": "2014-02-11T19:21:20.753"}}, {"pk": 1, "model": "pay.cliente", "fields": {"identificacion": "0915182604", "saldo": "10.00", "tipoidentificacion": 1, "vendedor": "000001", "usuario": 2}}, {"pk": 2, "model": "pay.cliente", "fields": {"identificacion": "B895285", "saldo": "10.00", "tipoidentificacion": 2, "vendedor": "000002", "usuario": 3}}, {"pk": 3, "model": "pay.cliente", "fields": {"identificacion": "B514425", "saldo": "8.24", "tipoidentificacion": 2, "vendedor": "000003", "usuario": 1}}, {"pk": 4, "model": "pay.cliente", "fields": {"identificacion": "0917957243", "saldo": "10.00", "tipoidentificacion": 1, "vendedor": "000004", "usuario": 4}}, {"pk": 5, "model": "pay.cliente", "fields": {"identificacion": "B513644", "saldo": "7.01", "tipoidentificacion": 2, "vendedor": "000005", "usuario": 5}}, {"pk": 6, "model": "pay.cliente", "fields": {"identificacion": "1715525455", "saldo": "10.00", "tipoidentificacion": 1, "vendedor": "000006", "usuario": 6}}, {"pk": 7, "model": "pay.cliente", "fields": {"identificacion": "0103951703", "saldo": "10.00", "tipoidentificacion": 1, "vendedor": "000007", "usuario": 7}}, {"pk": 8, "model": "pay.cliente", "fields": {"identificacion": "1753940095", "saldo": "5.00", "tipoidentificacion": 1, "vendedor": "000008", "usuario": 8}}, {"pk": 9, "model": "pay.cliente", "fields": {"identificacion": "1719337071", "saldo": "10.00", "tipoidentificacion": 1, "vendedor": "000009", "usuario": 9}}, {"pk": 10, "model": "pay.cliente", "fields": {"identificacion": "1706555768", "saldo": "10.00", "tipoidentificacion": 1, "vendedor": "000010", "usuario": 10}}, {"pk": 11, "model": "pay.cliente", "fields": {"identificacion": "1002174462", "saldo": "19.75", "tipoidentificacion": 1, "vendedor": "000011", "usuario": 11}}, {"pk": 12, "model": "pay.cliente", "fields": {"identificacion": "1710376722", "saldo": "10.00", "tipoidentificacion": 1, "vendedor": "000012", "usuario": 12}}, {"pk": 13, "model": "pay.cliente", "fields": {"identificacion": "0909574089", "saldo": "10.00", "tipoidentificacion": 1, "vendedor": "000013", "usuario": 13}}, {"pk": 14, "model": "pay.cliente", "fields": {"identificacion": "0925688145", "saldo": "10.00", "tipoidentificacion": 1, "vendedor": "000014", "usuario": 14}}, {"pk": 15, "model": "pay.cliente", "fields": {"identificacion": "1713218236", "saldo": "10.00", "tipoidentificacion": 1, "vendedor": "000015", "usuario": 15}}, {"pk": 16, "model": "pay.cliente", "fields": {"identificacion": "1234567890", "saldo": "10.00", "tipoidentificacion": 2, "vendedor": "000016", "usuario": 16}}, {"pk": 17, "model": "pay.cliente", "fields": {"identificacion": "1710531532", "saldo": "10.00", "tipoidentificacion": 1, "vendedor": "000017", "usuario": 17}}, {"pk": 18, "model": "pay.cliente", "fields": {"identificacion": "1727059527", "saldo": "10.00", "tipoidentificacion": 1, "vendedor": "000018", "usuario": 18}}, {"pk": 19, "model": "pay.cliente", "fields": {"identificacion": "1715218762", "saldo": "10.00", "tipoidentificacion": 1, "vendedor": "000019", "usuario": 19}}, {"pk": 1, "model": "admin.logentry", "fields": {"action_flag": 1, "action_time": "2013-11-21T20:02:24.927", "object_repr": "CEDULA", "object_id": "1", "change_message": "", "user": 1, "content_type": 7}}, {"pk": 2, "model": "admin.logentry", "fields": {"action_flag": 1, "action_time": "2013-11-21T20:02:35.918", "object_repr": "PASAPORTE", "object_id": "2", "change_message": "", "user": 1, "content_type": 7}}, {"pk": 3, "model": "admin.logentry", "fields": {"action_flag": 1, "action_time": "2013-11-21T20:02:46.467", "object_repr": "RUC", "object_id": "3", "change_message": "", "user": 1, "content_type": 7}}, {"pk": 4, "model": "admin.logentry", "fields": {"action_flag": 1, "action_time": "2013-11-22T00:08:30.458", "object_repr": "", "object_id": "3", "change_message": "", "user": 1, "content_type": 8}}, {"pk": 5, "model": "admin.logentry", "fields": {"action_flag": 2, "action_time": "2013-11-22T00:09:04.493", "object_repr": "ernesto", "object_id": "1", "change_message": "Modificado/a first_name y last_name.", "user": 1, "content_type": 4}}]